{
    "accuracy": 0.9502841234207153,
    "loss": 0.1944839209318161
}