{
    "accuracy": 0.9428266882896423,
    "loss": 0.20747345685958862
}